<?xml version="1.0" encoding ="UTF-8"?><link:linkbase xmlns:xsi="http://www.w3.org/2001/XMLSchema-instance" xsi:schemaLocation="http://www.xbrl.org/2003/linkbase http://www.xbrl.org/2003/xbrl-linkbase-2003-12-31.xsd" xmlns:link="http://www.xbrl.org/2003/linkbase" xmlns:xbrli="http://www.xbrl.org/2003/instance" xmlns:xlink="http://www.w3.org/1999/xlink" xmlns:xbrldt="http://xbrl.org/2005/xbrldt"><link:roleRef roleURI="http://walleniuswilhelmsen.com/role/IncomeStatement" xlink:type="simple" xlink:href="549300NBN0URT3RA3Y54-2024-12-31.xsd#IncomeStatement"/><link:roleRef roleURI="http://walleniuswilhelmsen.com/role/StatementOfComprehensiveIncome" xlink:type="simple" xlink:href="549300NBN0URT3RA3Y54-2024-12-31.xsd#StatementOfComprehensiveIncome"/><link:roleRef roleURI="http://walleniuswilhelmsen.com/role/StatementOfComprehensiveIncome2" xlink:type="simple" xlink:href="549300NBN0URT3RA3Y54-2024-12-31.xsd#StatementOfComprehensiveIncome2"/><link:roleRef roleURI="http://walleniuswilhelmsen.com/role/StatementOfFinancialPosition" xlink:type="simple" xlink:href="549300NBN0URT3RA3Y54-2024-12-31.xsd#StatementOfFinancialPosition"/><link:roleRef roleURI="http://walleniuswilhelmsen.com/role/CashFlowStatement" xlink:type="simple" xlink:href="549300NBN0URT3RA3Y54-2024-12-31.xsd#CashFlowStatement"/><link:roleRef roleURI="http://walleniuswilhelmsen.com/role/ChangesinEquity" xlink:type="simple" xlink:href="549300NBN0URT3RA3Y54-2024-12-31.xsd#ChangesinEquity"/><link:calculationLink xlink:type="extended" xlink:role="http://walleniuswilhelmsen.com/role/IncomeStatement"><link:loc xlink:type="locator" xlink:href="549300NBN0URT3RA3Y54-2024-12-31.xsd#WAL_ProfitLossFromOperatingActivitiesBeforeInterestTaxesDepreciationAndAmortisationExpense" xlink:label="ProfitLossFromOperatingActivitiesBeforeInterestTaxesDepreciationAndAmortisationExpense" xlink:title="ProfitLossFromOperatingActivitiesBeforeInterestTaxesDepreciationAndAmortisationExpense"/><link:loc xlink:type="locator" xlink:href="https://xbrl.ifrs.org/taxonomy/2022-03-24/full_ifrs/full_ifrs-cor_2022-03-24.xsd#ifrs-full_Revenue" xlink:label="Revenue" xlink:title="Revenue"/><link:calculationArc xlink:type="arc" xlink:arcrole="http://www.xbrl.org/2003/arcrole/summation-item" xlink:from="ProfitLossFromOperatingActivitiesBeforeInterestTaxesDepreciationAndAmortisationExpense" xlink:to="Revenue" xlink:title="Calculation: ProfitLossFromOperatingActivitiesBeforeInterestTaxesDepreciationAndAmortisationExpense to Revenue" order="1.0" weight="1"/><link:loc xlink:type="locator" xlink:href="https://xbrl.ifrs.org/taxonomy/2022-03-24/full_ifrs/full_ifrs-cor_2022-03-24.xsd#ifrs-full_OperatingExpense" xlink:label="OperatingExpense" xlink:title="OperatingExpense"/><link:calculationArc xlink:type="arc" xlink:arcrole="http://www.xbrl.org/2003/arcrole/summation-item" xlink:from="ProfitLossFromOperatingActivitiesBeforeInterestTaxesDepreciationAndAmortisationExpense" xlink:to="OperatingExpense" xlink:title="Calculation: ProfitLossFromOperatingActivitiesBeforeInterestTaxesDepreciationAndAmortisationExpense to OperatingExpense" order="2.0" weight="-1"/><link:loc xlink:type="locator" xlink:href="https://xbrl.ifrs.org/taxonomy/2022-03-24/full_ifrs/full_ifrs-cor_2022-03-24.xsd#ifrs-full_ProfitLossFromOperatingActivities" xlink:label="ProfitLossFromOperatingActivities" xlink:title="ProfitLossFromOperatingActivities"/><link:loc xlink:type="locator" xlink:href="https://xbrl.ifrs.org/taxonomy/2022-03-24/full_ifrs/full_ifrs-cor_2022-03-24.xsd#ifrs-full_DepreciationAndAmortisationExpense" xlink:label="DepreciationAndAmortisationExpense" xlink:title="DepreciationAndAmortisationExpense"/><link:calculationArc xlink:type="arc" xlink:arcrole="http://www.xbrl.org/2003/arcrole/summation-item" xlink:from="ProfitLossFromOperatingActivities" xlink:to="DepreciationAndAmortisationExpense" xlink:title="Calculation: ProfitLossFromOperatingActivities to DepreciationAndAmortisationExpense" order="1.0" weight="-1"/><link:loc xlink:type="locator" xlink:href="https://xbrl.ifrs.org/taxonomy/2022-03-24/full_ifrs/full_ifrs-cor_2022-03-24.xsd#ifrs-full_ImpairmentLossReversalOfImpairmentLossRecognisedInProfitOrLoss" xlink:label="ImpairmentLossReversalOfImpairmentLossRecognisedInProfitOrLoss" xlink:title="ImpairmentLossReversalOfImpairmentLossRecognisedInProfitOrLoss"/><link:calculationArc xlink:type="arc" xlink:arcrole="http://www.xbrl.org/2003/arcrole/summation-item" xlink:from="ProfitLossFromOperatingActivities" xlink:to="ImpairmentLossReversalOfImpairmentLossRecognisedInProfitOrLoss" xlink:title="Calculation: ProfitLossFromOperatingActivities to ImpairmentLossReversalOfImpairmentLossRecognisedInProfitOrLoss" order="2.0" weight="-1"/><link:calculationArc xlink:type="arc" xlink:arcrole="http://www.xbrl.org/2003/arcrole/summation-item" xlink:from="ProfitLossFromOperatingActivities" xlink:to="ProfitLossFromOperatingActivitiesBeforeInterestTaxesDepreciationAndAmortisationExpense" xlink:title="Calculation: ProfitLossFromOperatingActivities to ProfitLossFromOperatingActivitiesBeforeInterestTaxesDepreciationAndAmortisationExpense" order="3.0" weight="1"/><link:loc xlink:type="locator" xlink:href="https://xbrl.ifrs.org/taxonomy/2022-03-24/full_ifrs/full_ifrs-cor_2022-03-24.xsd#ifrs-full_FinanceIncomeCost" xlink:label="FinanceIncomeCost" xlink:title="FinanceIncomeCost"/><link:loc xlink:type="locator" xlink:href="https://xbrl.ifrs.org/taxonomy/2022-03-24/full_ifrs/full_ifrs-cor_2022-03-24.xsd#ifrs-full_FinanceIncome" xlink:label="FinanceIncome" xlink:title="FinanceIncome"/><link:calculationArc xlink:type="arc" xlink:arcrole="http://www.xbrl.org/2003/arcrole/summation-item" xlink:from="FinanceIncomeCost" xlink:to="FinanceIncome" xlink:title="Calculation: FinanceIncomeCost to FinanceIncome" order="1.0" weight="1"/><link:loc xlink:type="locator" xlink:href="https://xbrl.ifrs.org/taxonomy/2022-03-24/full_ifrs/full_ifrs-cor_2022-03-24.xsd#ifrs-full_FinanceCosts" xlink:label="FinanceCosts" xlink:title="FinanceCosts"/><link:calculationArc xlink:type="arc" xlink:arcrole="http://www.xbrl.org/2003/arcrole/summation-item" xlink:from="FinanceIncomeCost" xlink:to="FinanceCosts" xlink:title="Calculation: FinanceIncomeCost to FinanceCosts" order="2.0" weight="-1"/><link:loc xlink:type="locator" xlink:href="https://xbrl.ifrs.org/taxonomy/2022-03-24/full_ifrs/full_ifrs-cor_2022-03-24.xsd#ifrs-full_ProfitLossBeforeTax" xlink:label="ProfitLossBeforeTax" xlink:title="ProfitLossBeforeTax"/><link:calculationArc xlink:type="arc" xlink:arcrole="http://www.xbrl.org/2003/arcrole/summation-item" xlink:from="ProfitLossBeforeTax" xlink:to="ProfitLossFromOperatingActivities" xlink:title="Calculation: ProfitLossBeforeTax to ProfitLossFromOperatingActivities" order="1.0" weight="1"/><link:loc xlink:type="locator" xlink:href="https://xbrl.ifrs.org/taxonomy/2022-03-24/full_ifrs/full_ifrs-cor_2022-03-24.xsd#ifrs-full_ShareOfProfitLossOfAssociatesAndJointVenturesAccountedForUsingEquityMethod" xlink:label="ShareOfProfitLossOfAssociatesAndJointVenturesAccountedForUsingEquityMethod" xlink:title="ShareOfProfitLossOfAssociatesAndJointVenturesAccountedForUsingEquityMethod"/><link:calculationArc xlink:type="arc" xlink:arcrole="http://www.xbrl.org/2003/arcrole/summation-item" xlink:from="ProfitLossBeforeTax" xlink:to="ShareOfProfitLossOfAssociatesAndJointVenturesAccountedForUsingEquityMethod" xlink:title="Calculation: ProfitLossBeforeTax to ShareOfProfitLossOfAssociatesAndJointVenturesAccountedForUsingEquityMethod" order="2.0" weight="1"/><link:calculationArc xlink:type="arc" xlink:arcrole="http://www.xbrl.org/2003/arcrole/summation-item" xlink:from="ProfitLossBeforeTax" xlink:to="FinanceIncomeCost" xlink:title="Calculation: ProfitLossBeforeTax to FinanceIncomeCost" order="3.0" weight="1"/><link:loc xlink:type="locator" xlink:href="https://xbrl.ifrs.org/taxonomy/2022-03-24/full_ifrs/full_ifrs-cor_2022-03-24.xsd#ifrs-full_ProfitLoss" xlink:label="ProfitLoss" xlink:title="ProfitLoss"/><link:calculationArc xlink:type="arc" xlink:arcrole="http://www.xbrl.org/2003/arcrole/summation-item" xlink:from="ProfitLoss" xlink:to="ProfitLossBeforeTax" xlink:title="Calculation: ProfitLoss to ProfitLossBeforeTax" order="1.0" weight="1"/><link:loc xlink:type="locator" xlink:href="https://xbrl.ifrs.org/taxonomy/2022-03-24/full_ifrs/full_ifrs-cor_2022-03-24.xsd#ifrs-full_IncomeTaxExpenseContinuingOperations" xlink:label="IncomeTaxExpenseContinuingOperations" xlink:title="IncomeTaxExpenseContinuingOperations"/><link:calculationArc xlink:type="arc" xlink:arcrole="http://www.xbrl.org/2003/arcrole/summation-item" xlink:from="ProfitLoss" xlink:to="IncomeTaxExpenseContinuingOperations" xlink:title="Calculation: ProfitLoss to IncomeTaxExpenseContinuingOperations" order="2.0" weight="-1"/></link:calculationLink><link:calculationLink xlink:type="extended" xlink:role="http://walleniuswilhelmsen.com/role/StatementOfComprehensiveIncome"><link:loc xlink:type="locator" xlink:href="https://xbrl.ifrs.org/taxonomy/2022-03-24/full_ifrs/full_ifrs-cor_2022-03-24.xsd#ifrs-full_OtherComprehensiveIncome" xlink:label="OtherComprehensiveIncome" xlink:title="OtherComprehensiveIncome"/><link:loc xlink:type="locator" xlink:href="https://xbrl.ifrs.org/taxonomy/2022-03-24/full_ifrs/full_ifrs-cor_2022-03-24.xsd#ifrs-full_OtherComprehensiveIncomeNetOfTaxExchangeDifferencesOnTranslation" xlink:label="OtherComprehensiveIncomeNetOfTaxExchangeDifferencesOnTranslation" xlink:title="OtherComprehensiveIncomeNetOfTaxExchangeDifferencesOnTranslation"/><link:calculationArc xlink:type="arc" xlink:arcrole="http://www.xbrl.org/2003/arcrole/summation-item" xlink:from="OtherComprehensiveIncome" xlink:to="OtherComprehensiveIncomeNetOfTaxExchangeDifferencesOnTranslation" xlink:title="Calculation: OtherComprehensiveIncome to OtherComprehensiveIncomeNetOfTaxExchangeDifferencesOnTranslation" order="1.0" weight="1"/><link:loc xlink:type="locator" xlink:href="https://xbrl.ifrs.org/taxonomy/2022-03-24/full_ifrs/full_ifrs-cor_2022-03-24.xsd#ifrs-full_OtherComprehensiveIncomeNetOfTaxGainsLossesFromInvestmentsInEquityInstruments" xlink:label="OtherComprehensiveIncomeNetOfTaxGainsLossesFromInvestmentsInEquityInstruments" xlink:title="OtherComprehensiveIncomeNetOfTaxGainsLossesFromInvestmentsInEquityInstruments"/><link:calculationArc xlink:type="arc" xlink:arcrole="http://www.xbrl.org/2003/arcrole/summation-item" xlink:from="OtherComprehensiveIncome" xlink:to="OtherComprehensiveIncomeNetOfTaxGainsLossesFromInvestmentsInEquityInstruments" xlink:title="Calculation: OtherComprehensiveIncome to OtherComprehensiveIncomeNetOfTaxGainsLossesFromInvestmentsInEquityInstruments" order="2.0" weight="1"/><link:loc xlink:type="locator" xlink:href="https://xbrl.ifrs.org/taxonomy/2022-03-24/full_ifrs/full_ifrs-cor_2022-03-24.xsd#ifrs-full_OtherComprehensiveIncomeNetOfTaxGainsLossesOnRemeasurementsOfDefinedBenefitPlans" xlink:label="OtherComprehensiveIncomeNetOfTaxGainsLossesOnRemeasurementsOfDefinedBenefitPlans" xlink:title="OtherComprehensiveIncomeNetOfTaxGainsLossesOnRemeasurementsOfDefinedBenefitPlans"/><link:calculationArc xlink:type="arc" xlink:arcrole="http://www.xbrl.org/2003/arcrole/summation-item" xlink:from="OtherComprehensiveIncome" xlink:to="OtherComprehensiveIncomeNetOfTaxGainsLossesOnRemeasurementsOfDefinedBenefitPlans" xlink:title="Calculation: OtherComprehensiveIncome to OtherComprehensiveIncomeNetOfTaxGainsLossesOnRemeasurementsOfDefinedBenefitPlans" order="3.0" weight="1"/><link:loc xlink:type="locator" xlink:href="https://xbrl.ifrs.org/taxonomy/2022-03-24/full_ifrs/full_ifrs-cor_2022-03-24.xsd#ifrs-full_ComprehensiveIncome" xlink:label="ComprehensiveIncome" xlink:title="ComprehensiveIncome"/><link:calculationArc xlink:type="arc" xlink:arcrole="http://www.xbrl.org/2003/arcrole/summation-item" xlink:from="ComprehensiveIncome" xlink:to="OtherComprehensiveIncome" xlink:title="Calculation: ComprehensiveIncome to OtherComprehensiveIncome" order="1.0" weight="1"/><link:loc xlink:type="locator" xlink:href="https://xbrl.ifrs.org/taxonomy/2022-03-24/full_ifrs/full_ifrs-cor_2022-03-24.xsd#ifrs-full_ProfitLoss" xlink:label="ProfitLoss" xlink:title="ProfitLoss"/><link:calculationArc xlink:type="arc" xlink:arcrole="http://www.xbrl.org/2003/arcrole/summation-item" xlink:from="ComprehensiveIncome" xlink:to="ProfitLoss" xlink:title="Calculation: ComprehensiveIncome to ProfitLoss" order="2.0" weight="1"/></link:calculationLink><link:calculationLink xlink:type="extended" xlink:role="http://walleniuswilhelmsen.com/role/StatementOfComprehensiveIncome2"><link:loc xlink:type="locator" xlink:href="https://xbrl.ifrs.org/taxonomy/2022-03-24/full_ifrs/full_ifrs-cor_2022-03-24.xsd#ifrs-full_ComprehensiveIncome" xlink:label="ComprehensiveIncome" xlink:title="ComprehensiveIncome"/><link:loc xlink:type="locator" xlink:href="https://xbrl.ifrs.org/taxonomy/2022-03-24/full_ifrs/full_ifrs-cor_2022-03-24.xsd#ifrs-full_ComprehensiveIncomeAttributableToOwnersOfParent" xlink:label="ComprehensiveIncomeAttributableToOwnersOfParent" xlink:title="ComprehensiveIncomeAttributableToOwnersOfParent"/><link:calculationArc xlink:type="arc" xlink:arcrole="http://www.xbrl.org/2003/arcrole/summation-item" xlink:from="ComprehensiveIncome" xlink:to="ComprehensiveIncomeAttributableToOwnersOfParent" xlink:title="Calculation: ComprehensiveIncome to ComprehensiveIncomeAttributableToOwnersOfParent" order="1.0" weight="1"/><link:loc xlink:type="locator" xlink:href="https://xbrl.ifrs.org/taxonomy/2022-03-24/full_ifrs/full_ifrs-cor_2022-03-24.xsd#ifrs-full_ComprehensiveIncomeAttributableToNoncontrollingInterests" xlink:label="ComprehensiveIncomeAttributableToNoncontrollingInterests" xlink:title="ComprehensiveIncomeAttributableToNoncontrollingInterests"/><link:calculationArc xlink:type="arc" xlink:arcrole="http://www.xbrl.org/2003/arcrole/summation-item" xlink:from="ComprehensiveIncome" xlink:to="ComprehensiveIncomeAttributableToNoncontrollingInterests" xlink:title="Calculation: ComprehensiveIncome to ComprehensiveIncomeAttributableToNoncontrollingInterests" order="2.0" weight="1"/></link:calculationLink><link:calculationLink xlink:type="extended" xlink:role="http://walleniuswilhelmsen.com/role/StatementOfFinancialPosition"><link:loc xlink:type="locator" xlink:href="https://xbrl.ifrs.org/taxonomy/2022-03-24/full_ifrs/full_ifrs-cor_2022-03-24.xsd#ifrs-full_NoncurrentAssets" xlink:label="NoncurrentAssets" xlink:title="NoncurrentAssets"/><link:loc xlink:type="locator" xlink:href="https://xbrl.ifrs.org/taxonomy/2022-03-24/full_ifrs/full_ifrs-cor_2022-03-24.xsd#ifrs-full_DeferredTaxAssets" xlink:label="DeferredTaxAssets" xlink:title="DeferredTaxAssets"/><link:calculationArc xlink:type="arc" xlink:arcrole="http://www.xbrl.org/2003/arcrole/summation-item" xlink:from="NoncurrentAssets" xlink:to="DeferredTaxAssets" xlink:title="Calculation: NoncurrentAssets to DeferredTaxAssets" order="1.0" weight="1"/><link:loc xlink:type="locator" xlink:href="https://xbrl.ifrs.org/taxonomy/2022-03-24/full_ifrs/full_ifrs-cor_2022-03-24.xsd#ifrs-full_IntangibleAssetsAndGoodwill" xlink:label="IntangibleAssetsAndGoodwill" xlink:title="IntangibleAssetsAndGoodwill"/><link:calculationArc xlink:type="arc" xlink:arcrole="http://www.xbrl.org/2003/arcrole/summation-item" xlink:from="NoncurrentAssets" xlink:to="IntangibleAssetsAndGoodwill" xlink:title="Calculation: NoncurrentAssets to IntangibleAssetsAndGoodwill" order="2.0" weight="1"/><link:loc xlink:type="locator" xlink:href="https://xbrl.ifrs.org/taxonomy/2022-03-24/full_ifrs/full_ifrs-cor_2022-03-24.xsd#ifrs-full_PropertyPlantAndEquipment" xlink:label="PropertyPlantAndEquipment" xlink:title="PropertyPlantAndEquipment"/><link:calculationArc xlink:type="arc" xlink:arcrole="http://www.xbrl.org/2003/arcrole/summation-item" xlink:from="NoncurrentAssets" xlink:to="PropertyPlantAndEquipment" xlink:title="Calculation: NoncurrentAssets to PropertyPlantAndEquipment" order="3.0" weight="1"/><link:loc xlink:type="locator" xlink:href="https://xbrl.ifrs.org/taxonomy/2022-03-24/full_ifrs/full_ifrs-cor_2022-03-24.xsd#ifrs-full_RightofuseAssets" xlink:label="RightofuseAssets" xlink:title="RightofuseAssets"/><link:calculationArc xlink:type="arc" xlink:arcrole="http://www.xbrl.org/2003/arcrole/summation-item" xlink:from="NoncurrentAssets" xlink:to="RightofuseAssets" xlink:title="Calculation: NoncurrentAssets to RightofuseAssets" order="4.0" weight="1"/><link:loc xlink:type="locator" xlink:href="https://xbrl.ifrs.org/taxonomy/2022-03-24/full_ifrs/full_ifrs-cor_2022-03-24.xsd#ifrs-full_OtherNoncurrentAssets" xlink:label="OtherNoncurrentAssets" xlink:title="OtherNoncurrentAssets"/><link:calculationArc xlink:type="arc" xlink:arcrole="http://www.xbrl.org/2003/arcrole/summation-item" xlink:from="NoncurrentAssets" xlink:to="OtherNoncurrentAssets" xlink:title="Calculation: NoncurrentAssets to OtherNoncurrentAssets" order="5.0" weight="1"/><link:loc xlink:type="locator" xlink:href="https://xbrl.ifrs.org/taxonomy/2022-03-24/full_ifrs/full_ifrs-cor_2022-03-24.xsd#ifrs-full_CurrentAssetsOtherThanAssetsOrDisposalGroupsClassifiedAsHeldForSaleOrAsHeldForDistributionToOwners" xlink:label="CurrentAssetsOtherThanAssetsOrDisposalGroupsClassifiedAsHeldForSaleOrAsHeldForDistributionToOwners" xlink:title="CurrentAssetsOtherThanAssetsOrDisposalGroupsClassifiedAsHeldForSaleOrAsHeldForDistributionToOwners"/><link:loc xlink:type="locator" xlink:href="https://xbrl.ifrs.org/taxonomy/2022-03-24/full_ifrs/full_ifrs-cor_2022-03-24.xsd#ifrs-full_Inventories" xlink:label="Inventories" xlink:title="Inventories"/><link:calculationArc xlink:type="arc" xlink:arcrole="http://www.xbrl.org/2003/arcrole/summation-item" xlink:from="CurrentAssetsOtherThanAssetsOrDisposalGroupsClassifiedAsHeldForSaleOrAsHeldForDistributionToOwners" xlink:to="Inventories" xlink:title="Calculation: CurrentAssetsOtherThanAssetsOrDisposalGroupsClassifiedAsHeldForSaleOrAsHeldForDistributionToOwners to Inventories" order="1.0" weight="1"/><link:loc xlink:type="locator" xlink:href="https://xbrl.ifrs.org/taxonomy/2022-03-24/full_ifrs/full_ifrs-cor_2022-03-24.xsd#ifrs-full_CurrentTradeReceivables" xlink:label="CurrentTradeReceivables" xlink:title="CurrentTradeReceivables"/><link:calculationArc xlink:type="arc" xlink:arcrole="http://www.xbrl.org/2003/arcrole/summation-item" xlink:from="CurrentAssetsOtherThanAssetsOrDisposalGroupsClassifiedAsHeldForSaleOrAsHeldForDistributionToOwners" xlink:to="CurrentTradeReceivables" xlink:title="Calculation: CurrentAssetsOtherThanAssetsOrDisposalGroupsClassifiedAsHeldForSaleOrAsHeldForDistributionToOwners to CurrentTradeReceivables" order="2.0" weight="1"/><link:loc xlink:type="locator" xlink:href="https://xbrl.ifrs.org/taxonomy/2022-03-24/full_ifrs/full_ifrs-cor_2022-03-24.xsd#ifrs-full_OtherCurrentAssets" xlink:label="OtherCurrentAssets" xlink:title="OtherCurrentAssets"/><link:calculationArc xlink:type="arc" xlink:arcrole="http://www.xbrl.org/2003/arcrole/summation-item" xlink:from="CurrentAssetsOtherThanAssetsOrDisposalGroupsClassifiedAsHeldForSaleOrAsHeldForDistributionToOwners" xlink:to="OtherCurrentAssets" xlink:title="Calculation: CurrentAssetsOtherThanAssetsOrDisposalGroupsClassifiedAsHeldForSaleOrAsHeldForDistributionToOwners to OtherCurrentAssets" order="3.0" weight="1"/><link:loc xlink:type="locator" xlink:href="https://xbrl.ifrs.org/taxonomy/2022-03-24/full_ifrs/full_ifrs-cor_2022-03-24.xsd#ifrs-full_CashAndCashEquivalents" xlink:label="CashAndCashEquivalents" xlink:title="CashAndCashEquivalents"/><link:calculationArc xlink:type="arc" xlink:arcrole="http://www.xbrl.org/2003/arcrole/summation-item" xlink:from="CurrentAssetsOtherThanAssetsOrDisposalGroupsClassifiedAsHeldForSaleOrAsHeldForDistributionToOwners" xlink:to="CashAndCashEquivalents" xlink:title="Calculation: CurrentAssetsOtherThanAssetsOrDisposalGroupsClassifiedAsHeldForSaleOrAsHeldForDistributionToOwners to CashAndCashEquivalents" order="4.0" weight="1"/><link:loc xlink:type="locator" xlink:href="https://xbrl.ifrs.org/taxonomy/2022-03-24/full_ifrs/full_ifrs-cor_2022-03-24.xsd#ifrs-full_CurrentAssets" xlink:label="CurrentAssets" xlink:title="CurrentAssets"/><link:loc xlink:type="locator" xlink:href="https://xbrl.ifrs.org/taxonomy/2022-03-24/full_ifrs/full_ifrs-cor_2022-03-24.xsd#ifrs-full_NoncurrentAssetsOrDisposalGroupsClassifiedAsHeldForSale" xlink:label="NoncurrentAssetsOrDisposalGroupsClassifiedAsHeldForSale" xlink:title="NoncurrentAssetsOrDisposalGroupsClassifiedAsHeldForSale"/><link:calculationArc xlink:type="arc" xlink:arcrole="http://www.xbrl.org/2003/arcrole/summation-item" xlink:from="CurrentAssets" xlink:to="NoncurrentAssetsOrDisposalGroupsClassifiedAsHeldForSale" xlink:title="Calculation: CurrentAssets to NoncurrentAssetsOrDisposalGroupsClassifiedAsHeldForSale" order="1.0" weight="1"/><link:calculationArc xlink:type="arc" xlink:arcrole="http://www.xbrl.org/2003/arcrole/summation-item" xlink:from="CurrentAssets" xlink:to="CurrentAssetsOtherThanAssetsOrDisposalGroupsClassifiedAsHeldForSaleOrAsHeldForDistributionToOwners" xlink:title="Calculation: CurrentAssets to CurrentAssetsOtherThanAssetsOrDisposalGroupsClassifiedAsHeldForSaleOrAsHeldForDistributionToOwners" order="2.0" weight="1"/><link:loc xlink:type="locator" xlink:href="https://xbrl.ifrs.org/taxonomy/2022-03-24/full_ifrs/full_ifrs-cor_2022-03-24.xsd#ifrs-full_Assets" xlink:label="Assets" xlink:title="Assets"/><link:calculationArc xlink:type="arc" xlink:arcrole="http://www.xbrl.org/2003/arcrole/summation-item" xlink:from="Assets" xlink:to="NoncurrentAssets" xlink:title="Calculation: Assets to NoncurrentAssets" order="1.0" weight="1"/><link:calculationArc xlink:type="arc" xlink:arcrole="http://www.xbrl.org/2003/arcrole/summation-item" xlink:from="Assets" xlink:to="CurrentAssets" xlink:title="Calculation: Assets to CurrentAssets" order="2.0" weight="1"/><link:loc xlink:type="locator" xlink:href="https://xbrl.ifrs.org/taxonomy/2022-03-24/full_ifrs/full_ifrs-cor_2022-03-24.xsd#ifrs-full_EquityAttributableToOwnersOfParent" xlink:label="EquityAttributableToOwnersOfParent" xlink:title="EquityAttributableToOwnersOfParent"/><link:loc xlink:type="locator" xlink:href="https://xbrl.ifrs.org/taxonomy/2022-03-24/full_ifrs/full_ifrs-cor_2022-03-24.xsd#ifrs-full_IssuedCapital" xlink:label="IssuedCapital" xlink:title="IssuedCapital"/><link:calculationArc xlink:type="arc" xlink:arcrole="http://www.xbrl.org/2003/arcrole/summation-item" xlink:from="EquityAttributableToOwnersOfParent" xlink:to="IssuedCapital" xlink:title="Calculation: EquityAttributableToOwnersOfParent to IssuedCapital" order="1.0" weight="1"/><link:loc xlink:type="locator" xlink:href="549300NBN0URT3RA3Y54-2024-12-31.xsd#WAL_RetainedEarningsAndOtherReserves" xlink:label="RetainedEarningsAndOtherReserves" xlink:title="RetainedEarningsAndOtherReserves"/><link:calculationArc xlink:type="arc" xlink:arcrole="http://www.xbrl.org/2003/arcrole/summation-item" xlink:from="EquityAttributableToOwnersOfParent" xlink:to="RetainedEarningsAndOtherReserves" xlink:title="Calculation: EquityAttributableToOwnersOfParent to RetainedEarningsAndOtherReserves" order="2.0" weight="1"/><link:loc xlink:type="locator" xlink:href="https://xbrl.ifrs.org/taxonomy/2022-03-24/full_ifrs/full_ifrs-cor_2022-03-24.xsd#ifrs-full_Equity" xlink:label="Equity" xlink:title="Equity"/><link:calculationArc xlink:type="arc" xlink:arcrole="http://www.xbrl.org/2003/arcrole/summation-item" xlink:from="Equity" xlink:to="EquityAttributableToOwnersOfParent" xlink:title="Calculation: Equity to EquityAttributableToOwnersOfParent" order="1.0" weight="1"/><link:loc xlink:type="locator" xlink:href="https://xbrl.ifrs.org/taxonomy/2022-03-24/full_ifrs/full_ifrs-cor_2022-03-24.xsd#ifrs-full_NoncontrollingInterests" xlink:label="NoncontrollingInterests" xlink:title="NoncontrollingInterests"/><link:calculationArc xlink:type="arc" xlink:arcrole="http://www.xbrl.org/2003/arcrole/summation-item" xlink:from="Equity" xlink:to="NoncontrollingInterests" xlink:title="Calculation: Equity to NoncontrollingInterests" order="2.0" weight="1"/><link:loc xlink:type="locator" xlink:href="https://xbrl.ifrs.org/taxonomy/2022-03-24/full_ifrs/full_ifrs-cor_2022-03-24.xsd#ifrs-full_NoncurrentLiabilities" xlink:label="NoncurrentLiabilities" xlink:title="NoncurrentLiabilities"/><link:loc xlink:type="locator" xlink:href="https://xbrl.ifrs.org/taxonomy/2022-03-24/full_ifrs/full_ifrs-cor_2022-03-24.xsd#ifrs-full_NoncurrentRecognisedLiabilitiesDefinedBenefitPlan" xlink:label="NoncurrentRecognisedLiabilitiesDefinedBenefitPlan" xlink:title="NoncurrentRecognisedLiabilitiesDefinedBenefitPlan"/><link:calculationArc xlink:type="arc" xlink:arcrole="http://www.xbrl.org/2003/arcrole/summation-item" xlink:from="NoncurrentLiabilities" xlink:to="NoncurrentRecognisedLiabilitiesDefinedBenefitPlan" xlink:title="Calculation: NoncurrentLiabilities to NoncurrentRecognisedLiabilitiesDefinedBenefitPlan" order="1.0" weight="1"/><link:loc xlink:type="locator" xlink:href="https://xbrl.ifrs.org/taxonomy/2022-03-24/full_ifrs/full_ifrs-cor_2022-03-24.xsd#ifrs-full_DeferredTaxLiabilities" xlink:label="DeferredTaxLiabilities" xlink:title="DeferredTaxLiabilities"/><link:calculationArc xlink:type="arc" xlink:arcrole="http://www.xbrl.org/2003/arcrole/summation-item" xlink:from="NoncurrentLiabilities" xlink:to="DeferredTaxLiabilities" xlink:title="Calculation: NoncurrentLiabilities to DeferredTaxLiabilities" order="2.0" weight="1"/><link:loc xlink:type="locator" xlink:href="https://xbrl.ifrs.org/taxonomy/2022-03-24/full_ifrs/full_ifrs-cor_2022-03-24.xsd#ifrs-full_LongtermBorrowings" xlink:label="LongtermBorrowings" xlink:title="LongtermBorrowings"/><link:calculationArc xlink:type="arc" xlink:arcrole="http://www.xbrl.org/2003/arcrole/summation-item" xlink:from="NoncurrentLiabilities" xlink:to="LongtermBorrowings" xlink:title="Calculation: NoncurrentLiabilities to LongtermBorrowings" order="3.0" weight="1"/><link:loc xlink:type="locator" xlink:href="https://xbrl.ifrs.org/taxonomy/2022-03-24/full_ifrs/full_ifrs-cor_2022-03-24.xsd#ifrs-full_NoncurrentLeaseLiabilities" xlink:label="NoncurrentLeaseLiabilities" xlink:title="NoncurrentLeaseLiabilities"/><link:calculationArc xlink:type="arc" xlink:arcrole="http://www.xbrl.org/2003/arcrole/summation-item" xlink:from="NoncurrentLiabilities" xlink:to="NoncurrentLeaseLiabilities" xlink:title="Calculation: NoncurrentLiabilities to NoncurrentLeaseLiabilities" order="4.0" weight="1"/><link:loc xlink:type="locator" xlink:href="https://xbrl.ifrs.org/taxonomy/2022-03-24/full_ifrs/full_ifrs-cor_2022-03-24.xsd#ifrs-full_OtherNoncurrentLiabilities" xlink:label="OtherNoncurrentLiabilities" xlink:title="OtherNoncurrentLiabilities"/><link:calculationArc xlink:type="arc" xlink:arcrole="http://www.xbrl.org/2003/arcrole/summation-item" xlink:from="NoncurrentLiabilities" xlink:to="OtherNoncurrentLiabilities" xlink:title="Calculation: NoncurrentLiabilities to OtherNoncurrentLiabilities" order="5.0" weight="1"/><link:loc xlink:type="locator" xlink:href="https://xbrl.ifrs.org/taxonomy/2022-03-24/full_ifrs/full_ifrs-cor_2022-03-24.xsd#ifrs-full_CurrentLiabilitiesOtherThanLiabilitiesIncludedInDisposalGroupsClassifiedAsHeldForSale" xlink:label="CurrentLiabilitiesOtherThanLiabilitiesIncludedInDisposalGroupsClassifiedAsHeldForSale" xlink:title="CurrentLiabilitiesOtherThanLiabilitiesIncludedInDisposalGroupsClassifiedAsHeldForSale"/><link:loc xlink:type="locator" xlink:href="https://xbrl.ifrs.org/taxonomy/2022-03-24/full_ifrs/full_ifrs-cor_2022-03-24.xsd#ifrs-full_TradeAndOtherCurrentPayablesToTradeSuppliers" xlink:label="TradeAndOtherCurrentPayablesToTradeSuppliers" xlink:title="TradeAndOtherCurrentPayablesToTradeSuppliers"/><link:calculationArc xlink:type="arc" xlink:arcrole="http://www.xbrl.org/2003/arcrole/summation-item" xlink:from="CurrentLiabilitiesOtherThanLiabilitiesIncludedInDisposalGroupsClassifiedAsHeldForSale" xlink:to="TradeAndOtherCurrentPayablesToTradeSuppliers" xlink:title="Calculation: CurrentLiabilitiesOtherThanLiabilitiesIncludedInDisposalGroupsClassifiedAsHeldForSale to TradeAndOtherCurrentPayablesToTradeSuppliers" order="1.0" weight="1"/><link:loc xlink:type="locator" xlink:href="https://xbrl.ifrs.org/taxonomy/2022-03-24/full_ifrs/full_ifrs-cor_2022-03-24.xsd#ifrs-full_ShorttermBorrowings" xlink:label="ShorttermBorrowings" xlink:title="ShorttermBorrowings"/><link:calculationArc xlink:type="arc" xlink:arcrole="http://www.xbrl.org/2003/arcrole/summation-item" xlink:from="CurrentLiabilitiesOtherThanLiabilitiesIncludedInDisposalGroupsClassifiedAsHeldForSale" xlink:to="ShorttermBorrowings" xlink:title="Calculation: CurrentLiabilitiesOtherThanLiabilitiesIncludedInDisposalGroupsClassifiedAsHeldForSale to ShorttermBorrowings" order="2.0" weight="1"/><link:loc xlink:type="locator" xlink:href="https://xbrl.ifrs.org/taxonomy/2022-03-24/full_ifrs/full_ifrs-cor_2022-03-24.xsd#ifrs-full_CurrentLeaseLiabilities" xlink:label="CurrentLeaseLiabilities" xlink:title="CurrentLeaseLiabilities"/><link:calculationArc xlink:type="arc" xlink:arcrole="http://www.xbrl.org/2003/arcrole/summation-item" xlink:from="CurrentLiabilitiesOtherThanLiabilitiesIncludedInDisposalGroupsClassifiedAsHeldForSale" xlink:to="CurrentLeaseLiabilities" xlink:title="Calculation: CurrentLiabilitiesOtherThanLiabilitiesIncludedInDisposalGroupsClassifiedAsHeldForSale to CurrentLeaseLiabilities" order="3.0" weight="1"/><link:loc xlink:type="locator" xlink:href="https://xbrl.ifrs.org/taxonomy/2022-03-24/full_ifrs/full_ifrs-cor_2022-03-24.xsd#ifrs-full_CurrentTaxLiabilitiesCurrent" xlink:label="CurrentTaxLiabilitiesCurrent" xlink:title="CurrentTaxLiabilitiesCurrent"/><link:calculationArc xlink:type="arc" xlink:arcrole="http://www.xbrl.org/2003/arcrole/summation-item" xlink:from="CurrentLiabilitiesOtherThanLiabilitiesIncludedInDisposalGroupsClassifiedAsHeldForSale" xlink:to="CurrentTaxLiabilitiesCurrent" xlink:title="Calculation: CurrentLiabilitiesOtherThanLiabilitiesIncludedInDisposalGroupsClassifiedAsHeldForSale to CurrentTaxLiabilitiesCurrent" order="4.0" weight="1"/><link:loc xlink:type="locator" xlink:href="549300NBN0URT3RA3Y54-2024-12-31.xsd#WAL_CurrentPutOptionsGrantedToNonControllingInterests" xlink:label="CurrentPutOptionsGrantedToNonControllingInterests" xlink:title="CurrentPutOptionsGrantedToNonControllingInterests"/><link:calculationArc xlink:type="arc" xlink:arcrole="http://www.xbrl.org/2003/arcrole/summation-item" xlink:from="CurrentLiabilitiesOtherThanLiabilitiesIncludedInDisposalGroupsClassifiedAsHeldForSale" xlink:to="CurrentPutOptionsGrantedToNonControllingInterests" xlink:title="Calculation: CurrentLiabilitiesOtherThanLiabilitiesIncludedInDisposalGroupsClassifiedAsHeldForSale to CurrentPutOptionsGrantedToNonControllingInterests" order="5.0" weight="1"/><link:loc xlink:type="locator" xlink:href="https://xbrl.ifrs.org/taxonomy/2022-03-24/full_ifrs/full_ifrs-cor_2022-03-24.xsd#ifrs-full_OtherCurrentLiabilities" xlink:label="OtherCurrentLiabilities" xlink:title="OtherCurrentLiabilities"/><link:calculationArc xlink:type="arc" xlink:arcrole="http://www.xbrl.org/2003/arcrole/summation-item" xlink:from="CurrentLiabilitiesOtherThanLiabilitiesIncludedInDisposalGroupsClassifiedAsHeldForSale" xlink:to="OtherCurrentLiabilities" xlink:title="Calculation: CurrentLiabilitiesOtherThanLiabilitiesIncludedInDisposalGroupsClassifiedAsHeldForSale to OtherCurrentLiabilities" order="6.0" weight="1"/><link:loc xlink:type="locator" xlink:href="https://xbrl.ifrs.org/taxonomy/2022-03-24/full_ifrs/full_ifrs-cor_2022-03-24.xsd#ifrs-full_CurrentLiabilities" xlink:label="CurrentLiabilities" xlink:title="CurrentLiabilities"/><link:calculationArc xlink:type="arc" xlink:arcrole="http://www.xbrl.org/2003/arcrole/summation-item" xlink:from="CurrentLiabilities" xlink:to="CurrentLiabilitiesOtherThanLiabilitiesIncludedInDisposalGroupsClassifiedAsHeldForSale" xlink:title="Calculation: CurrentLiabilities to CurrentLiabilitiesOtherThanLiabilitiesIncludedInDisposalGroupsClassifiedAsHeldForSale" order="1.0" weight="1"/><link:loc xlink:type="locator" xlink:href="https://xbrl.ifrs.org/taxonomy/2022-03-24/full_ifrs/full_ifrs-cor_2022-03-24.xsd#ifrs-full_LiabilitiesIncludedInDisposalGroupsClassifiedAsHeldForSale" xlink:label="LiabilitiesIncludedInDisposalGroupsClassifiedAsHeldForSale" xlink:title="LiabilitiesIncludedInDisposalGroupsClassifiedAsHeldForSale"/><link:calculationArc xlink:type="arc" xlink:arcrole="http://www.xbrl.org/2003/arcrole/summation-item" xlink:from="CurrentLiabilities" xlink:to="LiabilitiesIncludedInDisposalGroupsClassifiedAsHeldForSale" xlink:title="Calculation: CurrentLiabilities to LiabilitiesIncludedInDisposalGroupsClassifiedAsHeldForSale" order="2.0" weight="1"/><link:loc xlink:type="locator" xlink:href="https://xbrl.ifrs.org/taxonomy/2022-03-24/full_ifrs/full_ifrs-cor_2022-03-24.xsd#ifrs-full_EquityAndLiabilities" xlink:label="EquityAndLiabilities" xlink:title="EquityAndLiabilities"/><link:calculationArc xlink:type="arc" xlink:arcrole="http://www.xbrl.org/2003/arcrole/summation-item" xlink:from="EquityAndLiabilities" xlink:to="CurrentLiabilities" xlink:title="Calculation: EquityAndLiabilities to CurrentLiabilities" order="1.0" weight="1"/><link:calculationArc xlink:type="arc" xlink:arcrole="http://www.xbrl.org/2003/arcrole/summation-item" xlink:from="EquityAndLiabilities" xlink:to="NoncurrentLiabilities" xlink:title="Calculation: EquityAndLiabilities to NoncurrentLiabilities" order="2.0" weight="1"/><link:calculationArc xlink:type="arc" xlink:arcrole="http://www.xbrl.org/2003/arcrole/summation-item" xlink:from="EquityAndLiabilities" xlink:to="Equity" xlink:title="Calculation: EquityAndLiabilities to Equity" order="3.0" weight="1"/></link:calculationLink><link:calculationLink xlink:type="extended" xlink:role="http://walleniuswilhelmsen.com/role/CashFlowStatement"><link:loc xlink:type="locator" xlink:href="https://xbrl.ifrs.org/taxonomy/2022-03-24/full_ifrs/full_ifrs-cor_2022-03-24.xsd#ifrs-full_CashFlowsFromUsedInOperatingActivities" xlink:label="CashFlowsFromUsedInOperatingActivities" xlink:title="CashFlowsFromUsedInOperatingActivities"/><link:loc xlink:type="locator" xlink:href="https://xbrl.ifrs.org/taxonomy/2022-03-24/full_ifrs/full_ifrs-cor_2022-03-24.xsd#ifrs-full_ProfitLossBeforeTax" xlink:label="ProfitLossBeforeTax" xlink:title="ProfitLossBeforeTax"/><link:calculationArc xlink:type="arc" xlink:arcrole="http://www.xbrl.org/2003/arcrole/summation-item" xlink:from="CashFlowsFromUsedInOperatingActivities" xlink:to="ProfitLossBeforeTax" xlink:title="Calculation: CashFlowsFromUsedInOperatingActivities to ProfitLossBeforeTax" order="1.0" weight="1"/><link:loc xlink:type="locator" xlink:href="https://xbrl.ifrs.org/taxonomy/2022-03-24/full_ifrs/full_ifrs-cor_2022-03-24.xsd#ifrs-full_AdjustmentsForFinanceIncomeCost" xlink:label="AdjustmentsForFinanceIncomeCost" xlink:title="AdjustmentsForFinanceIncomeCost"/><link:calculationArc xlink:type="arc" xlink:arcrole="http://www.xbrl.org/2003/arcrole/summation-item" xlink:from="CashFlowsFromUsedInOperatingActivities" xlink:to="AdjustmentsForFinanceIncomeCost" xlink:title="Calculation: CashFlowsFromUsedInOperatingActivities to AdjustmentsForFinanceIncomeCost" order="2.0" weight="-1"/><link:loc xlink:type="locator" xlink:href="https://xbrl.ifrs.org/taxonomy/2022-03-24/full_ifrs/full_ifrs-cor_2022-03-24.xsd#ifrs-full_AdjustmentsForUndistributedProfitsOfInvestmentsAccountedForUsingEquityMethod" xlink:label="AdjustmentsForUndistributedProfitsOfInvestmentsAccountedForUsingEquityMethod" xlink:title="AdjustmentsForUndistributedProfitsOfInvestmentsAccountedForUsingEquityMethod"/><link:calculationArc xlink:type="arc" xlink:arcrole="http://www.xbrl.org/2003/arcrole/summation-item" xlink:from="CashFlowsFromUsedInOperatingActivities" xlink:to="AdjustmentsForUndistributedProfitsOfInvestmentsAccountedForUsingEquityMethod" xlink:title="Calculation: CashFlowsFromUsedInOperatingActivities to AdjustmentsForUndistributedProfitsOfInvestmentsAccountedForUsingEquityMethod" order="3.0" weight="-1"/><link:loc xlink:type="locator" xlink:href="https://xbrl.ifrs.org/taxonomy/2022-03-24/full_ifrs/full_ifrs-cor_2022-03-24.xsd#ifrs-full_AdjustmentsForDepreciationAndAmortisationExpense" xlink:label="AdjustmentsForDepreciationAndAmortisationExpense" xlink:title="AdjustmentsForDepreciationAndAmortisationExpense"/><link:calculationArc xlink:type="arc" xlink:arcrole="http://www.xbrl.org/2003/arcrole/summation-item" xlink:from="CashFlowsFromUsedInOperatingActivities" xlink:to="AdjustmentsForDepreciationAndAmortisationExpense" xlink:title="Calculation: CashFlowsFromUsedInOperatingActivities to AdjustmentsForDepreciationAndAmortisationExpense" order="4.0" weight="1"/><link:loc xlink:type="locator" xlink:href="https://xbrl.ifrs.org/taxonomy/2022-03-24/full_ifrs/full_ifrs-cor_2022-03-24.xsd#ifrs-full_AdjustmentsForImpairmentLossReversalOfImpairmentLossRecognisedInProfitOrLoss" xlink:label="AdjustmentsForImpairmentLossReversalOfImpairmentLossRecognisedInProfitOrLoss" xlink:title="AdjustmentsForImpairmentLossReversalOfImpairmentLossRecognisedInProfitOrLoss"/><link:calculationArc xlink:type="arc" xlink:arcrole="http://www.xbrl.org/2003/arcrole/summation-item" xlink:from="CashFlowsFromUsedInOperatingActivities" xlink:to="AdjustmentsForImpairmentLossReversalOfImpairmentLossRecognisedInProfitOrLoss" xlink:title="Calculation: CashFlowsFromUsedInOperatingActivities to AdjustmentsForImpairmentLossReversalOfImpairmentLossRecognisedInProfitOrLoss" order="5.0" weight="1"/><link:loc xlink:type="locator" xlink:href="https://xbrl.ifrs.org/taxonomy/2022-03-24/full_ifrs/full_ifrs-cor_2022-03-24.xsd#ifrs-full_AdjustmentsForGainLossOnDisposalsPropertyPlantAndEquipment" xlink:label="AdjustmentsForGainLossOnDisposalsPropertyPlantAndEquipment" xlink:title="AdjustmentsForGainLossOnDisposalsPropertyPlantAndEquipment"/><link:calculationArc xlink:type="arc" xlink:arcrole="http://www.xbrl.org/2003/arcrole/summation-item" xlink:from="CashFlowsFromUsedInOperatingActivities" xlink:to="AdjustmentsForGainLossOnDisposalsPropertyPlantAndEquipment" xlink:title="Calculation: CashFlowsFromUsedInOperatingActivities to AdjustmentsForGainLossOnDisposalsPropertyPlantAndEquipment" order="6.0" weight="-1"/><link:loc xlink:type="locator" xlink:href="https://xbrl.ifrs.org/taxonomy/2022-03-24/full_ifrs/full_ifrs-cor_2022-03-24.xsd#ifrs-full_AdjustmentsForIncreaseDecreaseInEmployeeBenefitLiabilities" xlink:label="AdjustmentsForIncreaseDecreaseInEmployeeBenefitLiabilities" xlink:title="AdjustmentsForIncreaseDecreaseInEmployeeBenefitLiabilities"/><link:calculationArc xlink:type="arc" xlink:arcrole="http://www.xbrl.org/2003/arcrole/summation-item" xlink:from="CashFlowsFromUsedInOperatingActivities" xlink:to="AdjustmentsForIncreaseDecreaseInEmployeeBenefitLiabilities" xlink:title="Calculation: CashFlowsFromUsedInOperatingActivities to AdjustmentsForIncreaseDecreaseInEmployeeBenefitLiabilities" order="7.0" weight="1"/><link:loc xlink:type="locator" xlink:href="549300NBN0URT3RA3Y54-2024-12-31.xsd#WAL_AdjustmentsForDecreaseIncreaseInOtherAssetsAndAdjustmentsForIncreaseDecreaseInOtherLiabilities" xlink:label="AdjustmentsForDecreaseIncreaseInOtherAssetsAndAdjustmentsForIncreaseDecreaseInOtherLiabilities" xlink:title="AdjustmentsForDecreaseIncreaseInOtherAssetsAndAdjustmentsForIncreaseDecreaseInOtherLiabilities"/><link:calculationArc xlink:type="arc" xlink:arcrole="http://www.xbrl.org/2003/arcrole/summation-item" xlink:from="CashFlowsFromUsedInOperatingActivities" xlink:to="AdjustmentsForDecreaseIncreaseInOtherAssetsAndAdjustmentsForIncreaseDecreaseInOtherLiabilities" xlink:title="Calculation: CashFlowsFromUsedInOperatingActivities to AdjustmentsForDecreaseIncreaseInOtherAssetsAndAdjustmentsForIncreaseDecreaseInOtherLiabilities" order="8.0" weight="1"/><link:loc xlink:type="locator" xlink:href="https://xbrl.ifrs.org/taxonomy/2022-03-24/full_ifrs/full_ifrs-cor_2022-03-24.xsd#ifrs-full_IncomeTaxesPaidRefundClassifiedAsOperatingActivities" xlink:label="IncomeTaxesPaidRefundClassifiedAsOperatingActivities" xlink:title="IncomeTaxesPaidRefundClassifiedAsOperatingActivities"/><link:calculationArc xlink:type="arc" xlink:arcrole="http://www.xbrl.org/2003/arcrole/summation-item" xlink:from="CashFlowsFromUsedInOperatingActivities" xlink:to="IncomeTaxesPaidRefundClassifiedAsOperatingActivities" xlink:title="Calculation: CashFlowsFromUsedInOperatingActivities to IncomeTaxesPaidRefundClassifiedAsOperatingActivities" order="9.0" weight="-1"/><link:loc xlink:type="locator" xlink:href="https://xbrl.ifrs.org/taxonomy/2022-03-24/full_ifrs/full_ifrs-cor_2022-03-24.xsd#ifrs-full_CashFlowsFromUsedInInvestingActivities" xlink:label="CashFlowsFromUsedInInvestingActivities" xlink:title="CashFlowsFromUsedInInvestingActivities"/><link:loc xlink:type="locator" xlink:href="https://xbrl.ifrs.org/taxonomy/2022-03-24/full_ifrs/full_ifrs-cor_2022-03-24.xsd#ifrs-full_DividendsReceivedFromInvestmentsAccountedForUsingEquityMethodClassifiedAsInvestingActivities" xlink:label="DividendsReceivedFromInvestmentsAccountedForUsingEquityMethodClassifiedAsInvestingActivities" xlink:title="DividendsReceivedFromInvestmentsAccountedForUsingEquityMethodClassifiedAsInvestingActivities"/><link:calculationArc xlink:type="arc" xlink:arcrole="http://www.xbrl.org/2003/arcrole/summation-item" xlink:from="CashFlowsFromUsedInInvestingActivities" xlink:to="DividendsReceivedFromInvestmentsAccountedForUsingEquityMethodClassifiedAsInvestingActivities" xlink:title="Calculation: CashFlowsFromUsedInInvestingActivities to DividendsReceivedFromInvestmentsAccountedForUsingEquityMethodClassifiedAsInvestingActivities" order="1.0" weight="1"/><link:loc xlink:type="locator" xlink:href="https://xbrl.ifrs.org/taxonomy/2022-03-24/full_ifrs/full_ifrs-cor_2022-03-24.xsd#ifrs-full_ProceedsFromSalesOfPropertyPlantAndEquipmentClassifiedAsInvestingActivities" xlink:label="ProceedsFromSalesOfPropertyPlantAndEquipmentClassifiedAsInvestingActivities" xlink:title="ProceedsFromSalesOfPropertyPlantAndEquipmentClassifiedAsInvestingActivities"/><link:calculationArc xlink:type="arc" xlink:arcrole="http://www.xbrl.org/2003/arcrole/summation-item" xlink:from="CashFlowsFromUsedInInvestingActivities" xlink:to="ProceedsFromSalesOfPropertyPlantAndEquipmentClassifiedAsInvestingActivities" xlink:title="Calculation: CashFlowsFromUsedInInvestingActivities to ProceedsFromSalesOfPropertyPlantAndEquipmentClassifiedAsInvestingActivities" order="2.0" weight="1"/><link:loc xlink:type="locator" xlink:href="549300NBN0URT3RA3Y54-2024-12-31.xsd#WAL_PurchaseOfPropertyPlantAndEquipmentAndPurchaseOfIntangibleAssetsClassifiedAsInvestingActivities" xlink:label="PurchaseOfPropertyPlantAndEquipmentAndPurchaseOfIntangibleAssetsClassifiedAsInvestingActivities" xlink:title="PurchaseOfPropertyPlantAndEquipmentAndPurchaseOfIntangibleAssetsClassifiedAsInvestingActivities"/><link:calculationArc xlink:type="arc" xlink:arcrole="http://www.xbrl.org/2003/arcrole/summation-item" xlink:from="CashFlowsFromUsedInInvestingActivities" xlink:to="PurchaseOfPropertyPlantAndEquipmentAndPurchaseOfIntangibleAssetsClassifiedAsInvestingActivities" xlink:title="Calculation: CashFlowsFromUsedInInvestingActivities to PurchaseOfPropertyPlantAndEquipmentAndPurchaseOfIntangibleAssetsClassifiedAsInvestingActivities" order="3.0" weight="-1"/><link:loc xlink:type="locator" xlink:href="https://xbrl.ifrs.org/taxonomy/2022-03-24/full_ifrs/full_ifrs-cor_2022-03-24.xsd#ifrs-full_InterestReceivedClassifiedAsInvestingActivities" xlink:label="InterestReceivedClassifiedAsInvestingActivities" xlink:title="InterestReceivedClassifiedAsInvestingActivities"/><link:calculationArc xlink:type="arc" xlink:arcrole="http://www.xbrl.org/2003/arcrole/summation-item" xlink:from="CashFlowsFromUsedInInvestingActivities" xlink:to="InterestReceivedClassifiedAsInvestingActivities" xlink:title="Calculation: CashFlowsFromUsedInInvestingActivities to InterestReceivedClassifiedAsInvestingActivities" order="4.0" weight="1"/><link:loc xlink:type="locator" xlink:href="https://xbrl.ifrs.org/taxonomy/2022-03-24/full_ifrs/full_ifrs-cor_2022-03-24.xsd#ifrs-full_CashFlowsFromUsedInFinancingActivities" xlink:label="CashFlowsFromUsedInFinancingActivities" xlink:title="CashFlowsFromUsedInFinancingActivities"/><link:loc xlink:type="locator" xlink:href="https://xbrl.ifrs.org/taxonomy/2022-03-24/full_ifrs/full_ifrs-cor_2022-03-24.xsd#ifrs-full_ProceedsFromBorrowingsClassifiedAsFinancingActivities" xlink:label="ProceedsFromBorrowingsClassifiedAsFinancingActivities" xlink:title="ProceedsFromBorrowingsClassifiedAsFinancingActivities"/><link:calculationArc xlink:type="arc" xlink:arcrole="http://www.xbrl.org/2003/arcrole/summation-item" xlink:from="CashFlowsFromUsedInFinancingActivities" xlink:to="ProceedsFromBorrowingsClassifiedAsFinancingActivities" xlink:title="Calculation: CashFlowsFromUsedInFinancingActivities to ProceedsFromBorrowingsClassifiedAsFinancingActivities" order="1.0" weight="1"/><link:loc xlink:type="locator" xlink:href="https://xbrl.ifrs.org/taxonomy/2022-03-24/full_ifrs/full_ifrs-cor_2022-03-24.xsd#ifrs-full_RepaymentsOfBorrowingsClassifiedAsFinancingActivities" xlink:label="RepaymentsOfBorrowingsClassifiedAsFinancingActivities" xlink:title="RepaymentsOfBorrowingsClassifiedAsFinancingActivities"/><link:calculationArc xlink:type="arc" xlink:arcrole="http://www.xbrl.org/2003/arcrole/summation-item" xlink:from="CashFlowsFromUsedInFinancingActivities" xlink:to="RepaymentsOfBorrowingsClassifiedAsFinancingActivities" xlink:title="Calculation: CashFlowsFromUsedInFinancingActivities to RepaymentsOfBorrowingsClassifiedAsFinancingActivities" order="2.0" weight="-1"/><link:loc xlink:type="locator" xlink:href="https://xbrl.ifrs.org/taxonomy/2022-03-24/full_ifrs/full_ifrs-cor_2022-03-24.xsd#ifrs-full_PaymentsOfLeaseLiabilitiesClassifiedAsFinancingActivities" xlink:label="PaymentsOfLeaseLiabilitiesClassifiedAsFinancingActivities" xlink:title="PaymentsOfLeaseLiabilitiesClassifiedAsFinancingActivities"/><link:calculationArc xlink:type="arc" xlink:arcrole="http://www.xbrl.org/2003/arcrole/summation-item" xlink:from="CashFlowsFromUsedInFinancingActivities" xlink:to="PaymentsOfLeaseLiabilitiesClassifiedAsFinancingActivities" xlink:title="Calculation: CashFlowsFromUsedInFinancingActivities to PaymentsOfLeaseLiabilitiesClassifiedAsFinancingActivities" order="3.0" weight="-1"/><link:loc xlink:type="locator" xlink:href="https://xbrl.ifrs.org/taxonomy/2022-03-24/full_ifrs/full_ifrs-cor_2022-03-24.xsd#ifrs-full_InterestPaidClassifiedAsFinancingActivities" xlink:label="InterestPaidClassifiedAsFinancingActivities" xlink:title="InterestPaidClassifiedAsFinancingActivities"/><link:calculationArc xlink:type="arc" xlink:arcrole="http://www.xbrl.org/2003/arcrole/summation-item" xlink:from="CashFlowsFromUsedInFinancingActivities" xlink:to="InterestPaidClassifiedAsFinancingActivities" xlink:title="Calculation: CashFlowsFromUsedInFinancingActivities to InterestPaidClassifiedAsFinancingActivities" order="4.0" weight="-1"/><link:loc xlink:type="locator" xlink:href="549300NBN0URT3RA3Y54-2024-12-31.xsd#WAL_RealisedOtherDerivativesClassifiedAsFinancingActivities" xlink:label="RealisedOtherDerivativesClassifiedAsFinancingActivities" xlink:title="RealisedOtherDerivativesClassifiedAsFinancingActivities"/><link:calculationArc xlink:type="arc" xlink:arcrole="http://www.xbrl.org/2003/arcrole/summation-item" xlink:from="CashFlowsFromUsedInFinancingActivities" xlink:to="RealisedOtherDerivativesClassifiedAsFinancingActivities" xlink:title="Calculation: CashFlowsFromUsedInFinancingActivities to RealisedOtherDerivativesClassifiedAsFinancingActivities" order="5.0" weight="-1"/><link:loc xlink:type="locator" xlink:href="https://xbrl.ifrs.org/taxonomy/2022-03-24/full_ifrs/full_ifrs-cor_2022-03-24.xsd#ifrs-full_DividendsPaidToNoncontrollingInterestsClassifiedAsFinancingActivities" xlink:label="DividendsPaidToNoncontrollingInterestsClassifiedAsFinancingActivities" xlink:title="DividendsPaidToNoncontrollingInterestsClassifiedAsFinancingActivities"/><link:calculationArc xlink:type="arc" xlink:arcrole="http://www.xbrl.org/2003/arcrole/summation-item" xlink:from="CashFlowsFromUsedInFinancingActivities" xlink:to="DividendsPaidToNoncontrollingInterestsClassifiedAsFinancingActivities" xlink:title="Calculation: CashFlowsFromUsedInFinancingActivities to DividendsPaidToNoncontrollingInterestsClassifiedAsFinancingActivities" order="6.0" weight="-1"/><link:loc xlink:type="locator" xlink:href="https://xbrl.ifrs.org/taxonomy/2022-03-24/full_ifrs/full_ifrs-cor_2022-03-24.xsd#ifrs-full_PaymentsToAcquireOrRedeemEntitysShares" xlink:label="PaymentsToAcquireOrRedeemEntitysShares" xlink:title="PaymentsToAcquireOrRedeemEntitysShares"/><link:calculationArc xlink:type="arc" xlink:arcrole="http://www.xbrl.org/2003/arcrole/summation-item" xlink:from="CashFlowsFromUsedInFinancingActivities" xlink:to="PaymentsToAcquireOrRedeemEntitysShares" xlink:title="Calculation: CashFlowsFromUsedInFinancingActivities to PaymentsToAcquireOrRedeemEntitysShares" order="7.0" weight="-1"/><link:loc xlink:type="locator" xlink:href="https://xbrl.ifrs.org/taxonomy/2022-03-24/full_ifrs/full_ifrs-cor_2022-03-24.xsd#ifrs-full_DividendsPaidToEquityHoldersOfParentClassifiedAsFinancingActivities" xlink:label="DividendsPaidToEquityHoldersOfParentClassifiedAsFinancingActivities" xlink:title="DividendsPaidToEquityHoldersOfParentClassifiedAsFinancingActivities"/><link:calculationArc xlink:type="arc" xlink:arcrole="http://www.xbrl.org/2003/arcrole/summation-item" xlink:from="CashFlowsFromUsedInFinancingActivities" xlink:to="DividendsPaidToEquityHoldersOfParentClassifiedAsFinancingActivities" xlink:title="Calculation: CashFlowsFromUsedInFinancingActivities to DividendsPaidToEquityHoldersOfParentClassifiedAsFinancingActivities" order="8.0" weight="-1"/><link:loc xlink:type="locator" xlink:href="549300NBN0URT3RA3Y54-2024-12-31.xsd#WAL_IncreaseDecreaseInCashCollateralUsedInFinancingActivities" xlink:label="IncreaseDecreaseInCashCollateralUsedInFinancingActivities" xlink:title="IncreaseDecreaseInCashCollateralUsedInFinancingActivities"/><link:calculationArc xlink:type="arc" xlink:arcrole="http://www.xbrl.org/2003/arcrole/summation-item" xlink:from="CashFlowsFromUsedInFinancingActivities" xlink:to="IncreaseDecreaseInCashCollateralUsedInFinancingActivities" xlink:title="Calculation: CashFlowsFromUsedInFinancingActivities to IncreaseDecreaseInCashCollateralUsedInFinancingActivities" order="9.0" weight="1"/><link:loc xlink:type="locator" xlink:href="https://xbrl.ifrs.org/taxonomy/2022-03-24/full_ifrs/full_ifrs-cor_2022-03-24.xsd#ifrs-full_PaymentsFromChangesInOwnershipInterestsInSubsidiaries" xlink:label="PaymentsFromChangesInOwnershipInterestsInSubsidiaries" xlink:title="PaymentsFromChangesInOwnershipInterestsInSubsidiaries"/><link:calculationArc xlink:type="arc" xlink:arcrole="http://www.xbrl.org/2003/arcrole/summation-item" xlink:from="CashFlowsFromUsedInFinancingActivities" xlink:to="PaymentsFromChangesInOwnershipInterestsInSubsidiaries" xlink:title="Calculation: CashFlowsFromUsedInFinancingActivities to PaymentsFromChangesInOwnershipInterestsInSubsidiaries" order="10.0" weight="-1"/><link:loc xlink:type="locator" xlink:href="https://xbrl.ifrs.org/taxonomy/2022-03-24/full_ifrs/full_ifrs-cor_2022-03-24.xsd#ifrs-full_IncreaseDecreaseInCashAndCashEquivalents" xlink:label="IncreaseDecreaseInCashAndCashEquivalents" xlink:title="IncreaseDecreaseInCashAndCashEquivalents"/><link:calculationArc xlink:type="arc" xlink:arcrole="http://www.xbrl.org/2003/arcrole/summation-item" xlink:from="IncreaseDecreaseInCashAndCashEquivalents" xlink:to="CashFlowsFromUsedInOperatingActivities" xlink:title="Calculation: IncreaseDecreaseInCashAndCashEquivalents to CashFlowsFromUsedInOperatingActivities" order="1.0" weight="1"/><link:calculationArc xlink:type="arc" xlink:arcrole="http://www.xbrl.org/2003/arcrole/summation-item" xlink:from="IncreaseDecreaseInCashAndCashEquivalents" xlink:to="CashFlowsFromUsedInInvestingActivities" xlink:title="Calculation: IncreaseDecreaseInCashAndCashEquivalents to CashFlowsFromUsedInInvestingActivities" order="2.0" weight="1"/><link:calculationArc xlink:type="arc" xlink:arcrole="http://www.xbrl.org/2003/arcrole/summation-item" xlink:from="IncreaseDecreaseInCashAndCashEquivalents" xlink:to="CashFlowsFromUsedInFinancingActivities" xlink:title="Calculation: IncreaseDecreaseInCashAndCashEquivalents to CashFlowsFromUsedInFinancingActivities" order="3.0" weight="1"/></link:calculationLink><link:calculationLink xlink:type="extended" xlink:role="http://walleniuswilhelmsen.com/role/ChangesinEquity"><link:loc xlink:type="locator" xlink:href="https://xbrl.ifrs.org/taxonomy/2022-03-24/full_ifrs/full_ifrs-cor_2022-03-24.xsd#ifrs-full_ComprehensiveIncome" xlink:label="ComprehensiveIncome" xlink:title="ComprehensiveIncome"/><link:loc xlink:type="locator" xlink:href="https://xbrl.ifrs.org/taxonomy/2022-03-24/full_ifrs/full_ifrs-cor_2022-03-24.xsd#ifrs-full_ProfitLoss" xlink:label="ProfitLoss" xlink:title="ProfitLoss"/><link:calculationArc xlink:type="arc" xlink:arcrole="http://www.xbrl.org/2003/arcrole/summation-item" xlink:from="ComprehensiveIncome" xlink:to="ProfitLoss" xlink:title="Calculation: ComprehensiveIncome to ProfitLoss" order="1.0" weight="1"/><link:loc xlink:type="locator" xlink:href="https://xbrl.ifrs.org/taxonomy/2022-03-24/full_ifrs/full_ifrs-cor_2022-03-24.xsd#ifrs-full_OtherComprehensiveIncome" xlink:label="OtherComprehensiveIncome" xlink:title="OtherComprehensiveIncome"/><link:calculationArc xlink:type="arc" xlink:arcrole="http://www.xbrl.org/2003/arcrole/summation-item" xlink:from="ComprehensiveIncome" xlink:to="OtherComprehensiveIncome" xlink:title="Calculation: ComprehensiveIncome to OtherComprehensiveIncome" order="2.0" weight="1"/></link:calculationLink></link:linkbase>