<?xml version="1.0" encoding ="UTF-8"?><link:linkbase xmlns:xsi="http://www.w3.org/2001/XMLSchema-instance" xsi:schemaLocation="http://www.xbrl.org/2003/linkbase http://www.xbrl.org/2003/xbrl-linkbase-2003-12-31.xsd" xmlns:link="http://www.xbrl.org/2003/linkbase" xmlns:xbrli="http://www.xbrl.org/2003/instance" xmlns:xlink="http://www.w3.org/1999/xlink" xmlns:xbrldt="http://xbrl.org/2005/xbrldt"><link:labelLink xlink:type="extended" xlink:role="http://www.xbrl.org/2003/role/link"><link:loc xlink:type="locator" xlink:href="549300NBN0URT3RA3Y54-2024-12-31.xsd#WAL_ProfitLossFromOperatingActivitiesBeforeInterestTaxesDepreciationAndAmortisationExpense" xlink:label="ProfitLossFromOperatingActivitiesBeforeInterestTaxesDepreciationAndAmortisationExpense" xlink:title="ProfitLossFromOperatingActivitiesBeforeInterestTaxesDepreciationAndAmortisationExpense"/><link:label xlink:type="resource" xlink:label="label_ProfitLossFromOperatingActivitiesBeforeInterestTaxesDepreciationAndAmortisationExpense" xlink:role="http://www.xbrl.org/2003/role/totalLabel" xlink:title="ProfitLossFromOperatingActivitiesBeforeInterestTaxesDepreciationAndAmortisationExpense_Label" xml:lang="en">Profit (loss) from operating activities before interest, taxes, depreciation and amortisation expense</link:label><link:labelArc xlink:type="arc" xlink:arcrole="http://www.xbrl.org/2003/arcrole/concept-label" xlink:from="ProfitLossFromOperatingActivitiesBeforeInterestTaxesDepreciationAndAmortisationExpense" xlink:to="label_ProfitLossFromOperatingActivitiesBeforeInterestTaxesDepreciationAndAmortisationExpense" xlink:title="Label: ProfitLossFromOperatingActivitiesBeforeInterestTaxesDepreciationAndAmortisationExpense to label_ProfitLossFromOperatingActivitiesBeforeInterestTaxesDepreciationAndAmortisationExpense"/><link:loc xlink:type="locator" xlink:href="549300NBN0URT3RA3Y54-2024-12-31.xsd#WAL_ProfitLossFromOperatingActivitiesBeforeInterestTaxesDepreciationAndAmortisationExpense" xlink:label="ProfitLossFromOperatingActivitiesBeforeInterestTaxesDepreciationAndAmortisationExpense_2" xlink:title="ProfitLossFromOperatingActivitiesBeforeInterestTaxesDepreciationAndAmortisationExpense_2"/><link:label xlink:type="resource" xlink:label="label_ProfitLossFromOperatingActivitiesBeforeInterestTaxesDepreciationAndAmortisationExpense_2" xlink:role="http://www.xbrl.org/2003/role/label" xlink:title="ProfitLossFromOperatingActivitiesBeforeInterestTaxesDepreciationAndAmortisationExpense_2_Label" xml:lang="en">Profit (loss) from operating activities before interest, taxes, depreciation and amortisation expense</link:label><link:labelArc xlink:type="arc" xlink:arcrole="http://www.xbrl.org/2003/arcrole/concept-label" xlink:from="ProfitLossFromOperatingActivitiesBeforeInterestTaxesDepreciationAndAmortisationExpense_2" xlink:to="label_ProfitLossFromOperatingActivitiesBeforeInterestTaxesDepreciationAndAmortisationExpense_2" xlink:title="Label: ProfitLossFromOperatingActivitiesBeforeInterestTaxesDepreciationAndAmortisationExpense_2 to label_ProfitLossFromOperatingActivitiesBeforeInterestTaxesDepreciationAndAmortisationExpense_2"/><link:loc xlink:type="locator" xlink:href="https://xbrl.ifrs.org/taxonomy/2022-03-24/full_ifrs/full_ifrs-cor_2022-03-24.xsd#ifrs-full_FinanceIncomeCost" xlink:label="FinanceIncomeCost" xlink:title="FinanceIncomeCost"/><link:label xlink:type="resource" xlink:label="label_FinanceIncomeCost" xlink:role="http://www.xbrl.org/2003/role/totalLabel" xlink:title="FinanceIncomeCost_Label" xml:lang="en">Finance income (cost)</link:label><link:labelArc xlink:type="arc" xlink:arcrole="http://www.xbrl.org/2003/arcrole/concept-label" xlink:from="FinanceIncomeCost" xlink:to="label_FinanceIncomeCost" xlink:title="Label: FinanceIncomeCost to label_FinanceIncomeCost"/><link:loc xlink:type="locator" xlink:href="549300NBN0URT3RA3Y54-2024-12-31.xsd#WAL_RetainedEarningsAndOtherReserves" xlink:label="RetainedEarningsAndOtherReserves" xlink:title="RetainedEarningsAndOtherReserves"/><link:label xlink:type="resource" xlink:label="label_RetainedEarningsAndOtherReserves" xlink:role="http://www.xbrl.org/2003/role/label" xlink:title="RetainedEarningsAndOtherReserves_Label" xml:lang="en">Retained earnings and other reserves</link:label><link:labelArc xlink:type="arc" xlink:arcrole="http://www.xbrl.org/2003/arcrole/concept-label" xlink:from="RetainedEarningsAndOtherReserves" xlink:to="label_RetainedEarningsAndOtherReserves" xlink:title="Label: RetainedEarningsAndOtherReserves to label_RetainedEarningsAndOtherReserves"/><link:loc xlink:type="locator" xlink:href="549300NBN0URT3RA3Y54-2024-12-31.xsd#WAL_CurrentPutOptionsGrantedToNonControllingInterests" xlink:label="CurrentPutOptionsGrantedToNonControllingInterests" xlink:title="CurrentPutOptionsGrantedToNonControllingInterests"/><link:label xlink:type="resource" xlink:label="label_CurrentPutOptionsGrantedToNonControllingInterests" xlink:role="http://www.xbrl.org/2003/role/label" xlink:title="CurrentPutOptionsGrantedToNonControllingInterests_Label" xml:lang="en">Current put options granted to non-controlling interests</link:label><link:labelArc xlink:type="arc" xlink:arcrole="http://www.xbrl.org/2003/arcrole/concept-label" xlink:from="CurrentPutOptionsGrantedToNonControllingInterests" xlink:to="label_CurrentPutOptionsGrantedToNonControllingInterests" xlink:title="Label: CurrentPutOptionsGrantedToNonControllingInterests to label_CurrentPutOptionsGrantedToNonControllingInterests"/><link:loc xlink:type="locator" xlink:href="549300NBN0URT3RA3Y54-2024-12-31.xsd#WAL_AdjustmentsForDecreaseIncreaseInOtherAssetsAndAdjustmentsForIncreaseDecreaseInOtherLiabilities" xlink:label="AdjustmentsForDecreaseIncreaseInOtherAssetsAndAdjustmentsForIncreaseDecreaseInOtherLiabilities" xlink:title="AdjustmentsForDecreaseIncreaseInOtherAssetsAndAdjustmentsForIncreaseDecreaseInOtherLiabilities"/><link:label xlink:type="resource" xlink:label="label_AdjustmentsForDecreaseIncreaseInOtherAssetsAndAdjustmentsForIncreaseDecreaseInOtherLiabilities" xlink:role="http://www.xbrl.org/2003/role/label" xlink:title="AdjustmentsForDecreaseIncreaseInOtherAssetsAndAdjustmentsForIncreaseDecreaseInOtherLiabilities_Label" xml:lang="en">Adjustments for decrease (increase) in other assets and adjustments for increase (decrease) in other liabilities</link:label><link:labelArc xlink:type="arc" xlink:arcrole="http://www.xbrl.org/2003/arcrole/concept-label" xlink:from="AdjustmentsForDecreaseIncreaseInOtherAssetsAndAdjustmentsForIncreaseDecreaseInOtherLiabilities" xlink:to="label_AdjustmentsForDecreaseIncreaseInOtherAssetsAndAdjustmentsForIncreaseDecreaseInOtherLiabilities" xlink:title="Label: AdjustmentsForDecreaseIncreaseInOtherAssetsAndAdjustmentsForIncreaseDecreaseInOtherLiabilities to label_AdjustmentsForDecreaseIncreaseInOtherAssetsAndAdjustmentsForIncreaseDecreaseInOtherLiabilities"/><link:loc xlink:type="locator" xlink:href="https://xbrl.ifrs.org/taxonomy/2022-03-24/full_ifrs/full_ifrs-cor_2022-03-24.xsd#ifrs-full_CashFlowsFromUsedInOperatingActivities" xlink:label="CashFlowsFromUsedInOperatingActivities" xlink:title="CashFlowsFromUsedInOperatingActivities"/><link:label xlink:type="resource" xlink:label="label_CashFlowsFromUsedInOperatingActivities" xlink:role="http://www.xbrl.org/2003/role/totalLabel" xlink:title="CashFlowsFromUsedInOperatingActivities_Label" xml:lang="en">Cash flows from (used in) operating activities</link:label><link:labelArc xlink:type="arc" xlink:arcrole="http://www.xbrl.org/2003/arcrole/concept-label" xlink:from="CashFlowsFromUsedInOperatingActivities" xlink:to="label_CashFlowsFromUsedInOperatingActivities" xlink:title="Label: CashFlowsFromUsedInOperatingActivities to label_CashFlowsFromUsedInOperatingActivities"/><link:loc xlink:type="locator" xlink:href="549300NBN0URT3RA3Y54-2024-12-31.xsd#WAL_PurchaseOfPropertyPlantAndEquipmentAndPurchaseOfIntangibleAssetsClassifiedAsInvestingActivities" xlink:label="PurchaseOfPropertyPlantAndEquipmentAndPurchaseOfIntangibleAssetsClassifiedAsInvestingActivities" xlink:title="PurchaseOfPropertyPlantAndEquipmentAndPurchaseOfIntangibleAssetsClassifiedAsInvestingActivities"/><link:label xlink:type="resource" xlink:label="label_PurchaseOfPropertyPlantAndEquipmentAndPurchaseOfIntangibleAssetsClassifiedAsInvestingActivities" xlink:role="http://www.xbrl.org/2003/role/label" xlink:title="PurchaseOfPropertyPlantAndEquipmentAndPurchaseOfIntangibleAssetsClassifiedAsInvestingActivities_Label" xml:lang="en">Purchase of property, plant and equipment and purchase of intangible assets, classified as investing activities</link:label><link:labelArc xlink:type="arc" xlink:arcrole="http://www.xbrl.org/2003/arcrole/concept-label" xlink:from="PurchaseOfPropertyPlantAndEquipmentAndPurchaseOfIntangibleAssetsClassifiedAsInvestingActivities" xlink:to="label_PurchaseOfPropertyPlantAndEquipmentAndPurchaseOfIntangibleAssetsClassifiedAsInvestingActivities" xlink:title="Label: PurchaseOfPropertyPlantAndEquipmentAndPurchaseOfIntangibleAssetsClassifiedAsInvestingActivities to label_PurchaseOfPropertyPlantAndEquipmentAndPurchaseOfIntangibleAssetsClassifiedAsInvestingActivities"/><link:loc xlink:type="locator" xlink:href="https://xbrl.ifrs.org/taxonomy/2022-03-24/full_ifrs/full_ifrs-cor_2022-03-24.xsd#ifrs-full_CashFlowsFromUsedInInvestingActivities" xlink:label="CashFlowsFromUsedInInvestingActivities" xlink:title="CashFlowsFromUsedInInvestingActivities"/><link:label xlink:type="resource" xlink:label="label_CashFlowsFromUsedInInvestingActivities" xlink:role="http://www.xbrl.org/2003/role/totalLabel" xlink:title="CashFlowsFromUsedInInvestingActivities_Label" xml:lang="en">Cash flows from (used in) investing activities</link:label><link:labelArc xlink:type="arc" xlink:arcrole="http://www.xbrl.org/2003/arcrole/concept-label" xlink:from="CashFlowsFromUsedInInvestingActivities" xlink:to="label_CashFlowsFromUsedInInvestingActivities" xlink:title="Label: CashFlowsFromUsedInInvestingActivities to label_CashFlowsFromUsedInInvestingActivities"/><link:loc xlink:type="locator" xlink:href="549300NBN0URT3RA3Y54-2024-12-31.xsd#WAL_RealisedOtherDerivativesClassifiedAsFinancingActivities" xlink:label="RealisedOtherDerivativesClassifiedAsFinancingActivities" xlink:title="RealisedOtherDerivativesClassifiedAsFinancingActivities"/><link:label xlink:type="resource" xlink:label="label_RealisedOtherDerivativesClassifiedAsFinancingActivities" xlink:role="http://www.xbrl.org/2003/role/label" xlink:title="RealisedOtherDerivativesClassifiedAsFinancingActivities_Label" xml:lang="en">Realised other derivatives, classified as financing activities</link:label><link:labelArc xlink:type="arc" xlink:arcrole="http://www.xbrl.org/2003/arcrole/concept-label" xlink:from="RealisedOtherDerivativesClassifiedAsFinancingActivities" xlink:to="label_RealisedOtherDerivativesClassifiedAsFinancingActivities" xlink:title="Label: RealisedOtherDerivativesClassifiedAsFinancingActivities to label_RealisedOtherDerivativesClassifiedAsFinancingActivities"/><link:loc xlink:type="locator" xlink:href="549300NBN0URT3RA3Y54-2024-12-31.xsd#WAL_IncreaseDecreaseInCashCollateralUsedInFinancingActivities" xlink:label="IncreaseDecreaseInCashCollateralUsedInFinancingActivities" xlink:title="IncreaseDecreaseInCashCollateralUsedInFinancingActivities"/><link:label xlink:type="resource" xlink:label="label_IncreaseDecreaseInCashCollateralUsedInFinancingActivities" xlink:role="http://www.xbrl.org/2003/role/label" xlink:title="IncreaseDecreaseInCashCollateralUsedInFinancingActivities_Label" xml:lang="en">Increase (decrease) in cash collateral used in financing activities</link:label><link:labelArc xlink:type="arc" xlink:arcrole="http://www.xbrl.org/2003/arcrole/concept-label" xlink:from="IncreaseDecreaseInCashCollateralUsedInFinancingActivities" xlink:to="label_IncreaseDecreaseInCashCollateralUsedInFinancingActivities" xlink:title="Label: IncreaseDecreaseInCashCollateralUsedInFinancingActivities to label_IncreaseDecreaseInCashCollateralUsedInFinancingActivities"/><link:loc xlink:type="locator" xlink:href="https://xbrl.ifrs.org/taxonomy/2022-03-24/full_ifrs/full_ifrs-cor_2022-03-24.xsd#ifrs-full_CashFlowsFromUsedInFinancingActivities" xlink:label="CashFlowsFromUsedInFinancingActivities" xlink:title="CashFlowsFromUsedInFinancingActivities"/><link:label xlink:type="resource" xlink:label="label_CashFlowsFromUsedInFinancingActivities" xlink:role="http://www.xbrl.org/2003/role/totalLabel" xlink:title="CashFlowsFromUsedInFinancingActivities_Label" xml:lang="en">Cash flows from (used in) financing activities</link:label><link:labelArc xlink:type="arc" xlink:arcrole="http://www.xbrl.org/2003/arcrole/concept-label" xlink:from="CashFlowsFromUsedInFinancingActivities" xlink:to="label_CashFlowsFromUsedInFinancingActivities" xlink:title="Label: CashFlowsFromUsedInFinancingActivities to label_CashFlowsFromUsedInFinancingActivities"/><link:loc xlink:type="locator" xlink:href="https://xbrl.ifrs.org/taxonomy/2022-03-24/full_ifrs/full_ifrs-cor_2022-03-24.xsd#ifrs-full_IncreaseDecreaseInCashAndCashEquivalents" xlink:label="IncreaseDecreaseInCashAndCashEquivalents" xlink:title="IncreaseDecreaseInCashAndCashEquivalents"/><link:label xlink:type="resource" xlink:label="label_IncreaseDecreaseInCashAndCashEquivalents" xlink:role="http://www.xbrl.org/2003/role/totalLabel" xlink:title="IncreaseDecreaseInCashAndCashEquivalents_Label" xml:lang="en">Increase (decrease) in cash and cash equivalents after effect of exchange rate changes</link:label><link:labelArc xlink:type="arc" xlink:arcrole="http://www.xbrl.org/2003/arcrole/concept-label" xlink:from="IncreaseDecreaseInCashAndCashEquivalents" xlink:to="label_IncreaseDecreaseInCashAndCashEquivalents" xlink:title="Label: IncreaseDecreaseInCashAndCashEquivalents to label_IncreaseDecreaseInCashAndCashEquivalents"/><link:loc xlink:type="locator" xlink:href="549300NBN0URT3RA3Y54-2024-12-31.xsd#WAL_IncreaseDecreaseThroughPutOptionNonControllingInterests" xlink:label="IncreaseDecreaseThroughPutOptionNonControllingInterests" xlink:title="IncreaseDecreaseThroughPutOptionNonControllingInterests"/><link:label xlink:type="resource" xlink:label="label_IncreaseDecreaseThroughPutOptionNonControllingInterests" xlink:role="http://www.xbrl.org/2003/role/label" xlink:title="IncreaseDecreaseThroughPutOptionNonControllingInterests_Label" xml:lang="en">Increase (decrease) through put option, non-controlling interests</link:label><link:labelArc xlink:type="arc" xlink:arcrole="http://www.xbrl.org/2003/arcrole/concept-label" xlink:from="IncreaseDecreaseThroughPutOptionNonControllingInterests" xlink:to="label_IncreaseDecreaseThroughPutOptionNonControllingInterests" xlink:title="Label: IncreaseDecreaseThroughPutOptionNonControllingInterests to label_IncreaseDecreaseThroughPutOptionNonControllingInterests"/><link:loc xlink:type="locator" xlink:href="549300NBN0URT3RA3Y54-2024-12-31.xsd#WAL_DecreaseThroughExchangeDifferencesOnTranslationEquity" xlink:label="DecreaseThroughExchangeDifferencesOnTranslationEquity" xlink:title="DecreaseThroughExchangeDifferencesOnTranslationEquity"/><link:label xlink:type="resource" xlink:label="label_DecreaseThroughExchangeDifferencesOnTranslationEquity" xlink:role="http://www.xbrl.org/2003/role/label" xlink:title="DecreaseThroughExchangeDifferencesOnTranslationEquity_Label" xml:lang="en">Decrease through exchange differences on translation, equity</link:label><link:labelArc xlink:type="arc" xlink:arcrole="http://www.xbrl.org/2003/arcrole/concept-label" xlink:from="DecreaseThroughExchangeDifferencesOnTranslationEquity" xlink:to="label_DecreaseThroughExchangeDifferencesOnTranslationEquity" xlink:title="Label: DecreaseThroughExchangeDifferencesOnTranslationEquity to label_DecreaseThroughExchangeDifferencesOnTranslationEquity"/></link:labelLink></link:linkbase>